1551568852.74,-0.3,0,l,35.3300018311
1551568852.74,-0.3,0,r,41.2400016785
1551568852.87,-0.3,0,r,43.9099998474
1551568852.87,-0.3,0,l,42.8199996948
1551568852.97,-0.3,0,l,49.7900009155
1551568852.97,-0.3,0,r,47.5699996948
1551568853.11,-0.3,0,l,54.2099990845
1551568853.11,-0.3,0,r,52.2799987793
1551568853.24,-0.3,0,l,58.5299987793
1551568853.24,-0.3,0,r,56.9300003052
1551568853.34,-0.3,0,r,61.6599998474
1551568853.34,-0.3,0,l,62.8699989319
1551568853.47,-0.3,0,l,67.9700012207
1551568853.47,-0.3,0,r,67.1299972534
1551568853.57,-0.3,0,r,72.8099975586
1551568853.57,-0.3,0,l,73.25
1551568853.71,-0.3,0,l,78.3499984741
1551568853.71,-0.3,0,r,77.0599975586
1551568853.81,-0.3,0,l,83.6200027466
1551568853.81,-0.3,0,r,83.2200012207
1551568853.94,-0.3,0,l,88.5
1551568853.94,-0.3,0,r,87.6699981689
1551568854.04,-0.3,0,l,94.9300003052
1551568854.04,-0.3,0,r,92.7200012207
1551568854.17,-0.3,0,l,97.3099975586
1551568854.17,-0.3,0,r,97.2600021362
1551568854.27,-0.3,0,l,104.13999939
1551568854.27,-0.3,0,r,102.779998779
1551568854.4,-0.3,0,r,108.169998169
1551568854.4,-0.3,0,l,109.089996338
1551568854.5,-0.3,0,r,114.0
1551568854.5,-0.3,0,l,101.370002747
1551568854.64,-0.3,0,l,104.260002136
1551568854.64,-0.3,0,r,118.879997253
1551568854.74,-0.3,0,l,116.059997559
1551568854.74,-0.3,0,r,125.069999695
1551568854.87,-0.3,0,l,121.300003052
1551568854.87,-0.3,0,r,33.5800018311
1551568854.97,-0.3,0,l,135.850006104
1551568854.97,-0.3,0,r,35.5600013733
1551568890.13,-0.22,0,l,9.61999988556
1551568890.13,-0.22,0,r,13.279999733
1551568890.26,-0.22,0,r,13.7399997711
1551568890.26,-0.22,0,l,14.3699998856
1551568890.36,-0.22,0,l,15.5600004196
1551568890.36,-0.22,0,r,14.8599996567
1551568890.49,-0.22,0,r,15.5399999619
1551568890.49,-0.22,0,l,16.2299995422
1551568890.59,-0.22,0,r,16.2000007629
1551568890.59,-0.22,0,l,16.7999992371
1551568890.73,-0.22,0,r,16.6599998474
1551568890.73,-0.22,0,l,16.9500007629
1551568890.83,-0.22,0,l,17.5100002289
1551568890.83,-0.22,0,r,17.2199993134
1551568890.96,-0.22,0,l,18.0699996948
1551568890.96,-0.22,0,r,17.3700008392
1551568891.09,-0.22,0,r,17.9500007629
1551568891.09,-0.22,0,l,18.6299991608
1551568891.19,-0.22,0,r,18.3899993896
1551568891.19,-0.22,0,l,19.1599998474
1551568891.32,-0.22,0,r,18.7700004578
1551568891.32,-0.22,0,l,19.1399993896
1551568891.42,-0.22,0,l,19.5200004578
1551568891.42,-0.22,0,r,19.2099990845
1551568891.56,-0.22,0,r,19.1599998474
1551568891.56,-0.22,0,l,19.8899993896
1551568891.66,-0.22,0,l,19.9200000763
1551568891.66,-0.22,0,r,19.1800003052
1551568891.79,-0.22,0,r,19.1599998474
1551568891.79,-0.22,0,l,19.9200000763
1551568891.89,-0.22,0,r,19.5799999237
1551568891.89,-0.22,0,l,19.8700008392
1551568892.02,-0.22,0,r,19.5799999237
1551568892.02,-0.22,0,l,19.9200000763
1551568892.12,-0.22,0,r,19.5799999237
1551568892.12,-0.22,0,l,19.9200000763
1551568892.26,-0.22,0,l,19.8199996948
1551568892.26,-0.22,0,r,19.0599994659
1551568892.39,-0.22,0,l,19.9200000763
1551568892.39,-0.22,0,r,19.1800003052
1551568892.49,-0.22,0,l,19.9400005341
1551568892.49,-0.22,0,r,19.1800003052
1551568892.62,-0.22,0,r,19.1800003052
1551568892.62,-0.22,0,l,19.9200000763
1551568892.75,-0.22,0,l,19.9400005341
1551568892.76,-0.22,0,r,19.1599998474
1551568892.85,-0.22,0,l,19.9200000763
1551568892.86,-0.22,0,r,19.1599998474
1551568892.99,-0.22,0,l,19.8199996948
1551568892.99,-0.22,0,r,19.0699996948
1551568893.09,-0.22,0,r,19.1800003052
1551568893.09,-0.22,0,l,19.9200000763
1551568907.34,-0.24,0,l,9.43999958038
1551568907.34,-0.24,0,r,9.06000041962
1551568907.47,-0.24,0,r,9.73999977112
1551568907.47,-0.24,0,l,10.5100002289
1551568907.57,-0.24,0,l,11.5399999619
1551568907.57,-0.24,0,r,11.2399997711
1551568907.7,-0.24,0,l,13.3999996185
1551568907.7,-0.24,0,r,12.6800003052
1551568907.8,-0.24,0,l,14.9899997711
1551568907.8,-0.24,0,r,13.8599996567
1551568907.93,-0.24,0,r,15.5900001526
1551568907.93,-0.24,0,l,16.3899993896
1551568908.03,-0.24,0,l,17.2000007629
1551568908.04,-0.24,0,r,16.8099994659
1551568908.17,-0.24,0,r,17.6299991608
1551568908.17,-0.24,0,l,18.4300003052
1551568908.3,-0.24,0,l,19.2600002289
1551568908.3,-0.24,0,r,18.8500003815
1551568908.4,-0.24,0,r,19.9400005341
1551568908.4,-0.24,0,l,20.3299999237
1551568908.5,-0.24,0,r,20.5499992371
1551568908.5,-0.24,0,l,21.4200000763
1551568908.63,-0.24,0,l,22.2900009155
1551568908.63,-0.24,0,r,21.8299999237
1551568908.73,-0.24,0,l,23.1200008392
1551568908.73,-0.24,0,r,22.7600002289
1551568908.87,-0.24,0,l,23.9899997711
1551568908.87,-0.24,0,r,23.0499992371
1551568908.97,-0.24,0,l,24.8999996185
1551568908.97,-0.24,0,r,24.5
1551568909.07,-0.24,0,l,25.5300006866
1551568909.07,-0.24,0,r,25.1100006104
1551568909.2,-0.24,0,l,26.9500007629
1551568909.2,-0.24,0,r,26.9799995422
1551568909.3,-0.24,0,l,28.1900005341
1551568909.3,-0.24,0,r,27.7299995422
1551568909.43,-0.24,0,r,28.7099990845
1551568909.43,-0.24,0,l,29.5100002289
1551568909.53,-0.24,0,l,30.6499996185
1551568909.53,-0.24,0,r,29.8899993896
1551568909.66,-0.24,0,r,31.3099994659
1551568909.67,-0.24,0,l,32.1300010681
1551568909.77,-0.24,0,l,33.4700012207
1551568909.77,-0.24,0,r,33.4700012207
1551568909.9,-0.24,0,r,35.2099990845
1551568909.9,-0.24,0,l,35.6800003052
1551568910.03,-0.24,0,r,37.0099983215
1551568910.03,-0.24,0,l,37.5400009155
1551568910.13,-0.24,0,r,39.0999984741
1551568910.13,-0.24,0,l,39.5900001526
1551568910.23,-0.24,0,l,41.5999984741
1551568910.23,-0.24,0,r,41.4300003052
1551568910.36,-0.24,0,l,43.0299987793
1551568910.36,-0.24,0,r,42.9900016785
1551568910.46,-0.24,0,l,44.8100013733
1551568910.46,-0.24,0,r,43.7599983215
1551568910.6,-0.24,0,r,44.8499984741
1551568910.6,-0.24,0,l,45.7799987793
1551568910.7,-0.24,0,r,45.9900016785
1551568910.7,-0.24,0,l,46.9199981689
1551568910.83,-0.24,0,l,48.7200012207
1551568910.83,-0.24,0,r,47.3600006104
1551568910.93,-0.24,0,l,49.2700004578
1551568910.93,-0.24,0,r,48.6899986267
1551568911.06,-0.24,0,r,50.1300010681
1551568911.06,-0.24,0,l,50.7099990845
1551568911.16,-0.24,0,l,52.1100006104
1551568911.16,-0.24,0,r,51.4900016785
1551568911.3,-0.24,0,l,53.2299995422
1551568911.3,-0.24,0,r,52.2799987793
1551568911.4,-0.24,0,l,54.3199996948
1551568911.4,-0.24,0,r,53.7000007629
1551568911.53,-0.24,0,r,54.8800010681
1551568911.53,-0.24,0,l,55.5099983215
1551568911.63,-0.24,0,r,55.5900001526
1551568911.63,-0.24,0,l,56.6300010681
1551568911.76,-0.24,0,r,56.5299987793
1551568911.76,-0.24,0,l,57.1500015259
1551568911.86,-0.24,0,l,58.5299987793
1551568911.86,-0.24,0,r,57.4399986267
1551568911.99,-0.24,0,r,58.8699989319
1551568911.99,-0.24,0,l,59.1399993896
1551568912.09,-0.24,0,l,60.2299995422
1551568912.09,-0.24,0,r,59.5299987793
1551568912.23,-0.24,0,l,61.6399993896
1551568912.23,-0.24,0,r,60.7200012207
1551568912.33,-0.24,0,r,61.9099998474
1551568912.33,-0.24,0,l,62.8699989319
1551568912.46,-0.24,0,r,63.0400009155
1551568912.46,-0.24,0,l,63.7000007629
1551568912.56,-0.24,0,r,64.9400024414
1551568912.56,-0.24,0,l,65.5899963379
1551568912.69,-0.24,0,r,65.9599990845
1551568912.69,-0.24,0,l,67.0800018311
1551568912.79,-0.24,0,r,67.9000015259
1551568912.79,-0.24,0,l,68.1699981689
1551568912.93,-0.24,0,l,70.3300018311
1551568912.93,-0.24,0,r,70.0599975586
1551568913.06,-0.24,0,r,72.1999969482
1551568913.06,-0.24,0,l,72.0299987793
1551568913.16,-0.24,0,l,74.0699996948
1551568913.16,-0.24,0,r,73.8799972534
1551568913.29,-0.24,0,r,75.5100021362
1551568913.29,-0.24,0,l,76.1399993896
1551568913.42,-0.24,0,r,77.0599975586
1551568913.43,-0.24,0,l,77.2699966431
1551568913.52,-0.24,0,l,78.9800033569
1551568913.53,-0.24,0,r,78.4400024414
1551568913.66,-0.24,0,r,79.2900009155
1551568913.66,-0.24,0,l,80.3799972534
1551568913.76,-0.24,0,l,81.7200012207
1551568913.76,-0.24,0,r,80.2099990845
1551568913.89,-0.24,0,r,81.8399963379
1551568913.89,-0.24,0,l,83.0100021362
1551568913.99,-0.24,0,r,83.2200012207
1551568913.99,-0.24,0,l,84.2900009155
1551568914.12,-0.24,0,r,84.4100036621
1551568914.12,-0.24,0,l,85.9700012207
1551568914.22,-0.24,0,r,85.8300018311
1551568914.22,-0.24,0,l,87.0100021362
1551568914.36,-0.24,0,r,87.1600036621
1551568914.36,-0.24,0,l,88.3499984741
1551568914.46,-0.24,0,r,88.5999984741
1551568914.46,-0.24,0,l,89.4199981689
1551568914.59,-0.24,0,l,90.9700012207
1551568914.59,-0.24,0,r,90.1299972534
1551568914.72,-0.24,0,l,92.6200027466
1551568914.72,-0.24,0,r,90.9000015259
1551568914.82,-0.24,0,l,92.9700012207
1551568914.82,-0.24,0,r,92.9599990845
1551568914.96,-0.24,0,l,84.8499984741
1551568914.96,-0.24,0,r,94.1299972534
1551568915.06,-0.24,0,l,85.2699966431
1551568915.06,-0.24,0,r,95.6600036621
1551568915.19,-0.24,0,r,96.8099975586
1551568915.19,-0.24,0,l,97.5599975586
1551568915.29,-0.24,0,r,97.9400024414
1551568915.29,-0.24,0,l,89.3899993896
1551568915.42,-0.24,0,r,99.7699966431
1551568915.42,-0.24,0,l,93.3799972534
1551568915.52,-0.24,0,r,101.099998474
1551568915.52,-0.24,0,l,78.1999969482
1551568915.65,-0.24,0,l,81.4599990845
1551568915.65,-0.24,0,r,102.580001831
1551568915.75,-0.24,0,l,83.3000030518
1551568915.75,-0.24,0,r,104.129997253
1551568915.89,-0.24,0,l,86.3300018311
1551568915.89,-0.24,0,r,105.669998169
1551568915.99,-0.24,0,r,107.050003052
1551568915.99,-0.24,0,l,89.2699966431
1551568916.12,-0.24,0,l,95.2900009155
1551568916.12,-0.24,0,r,108.430000305
1551568916.22,-0.24,0,r,109.910003662
1551568916.22,-0.24,0,l,100.129997253
1551568916.35,-0.24,0,l,103.940002441
1551568916.35,-0.24,0,r,111.709999084
1551568916.45,-0.24,0,l,99.9400024414
1551568916.45,-0.24,0,r,112.339996338
1551568916.59,-0.24,0,r,113.540000916
1551568916.59,-0.24,0,l,102.190002441
1551568916.69,-0.24,0,l,101.629997253
1551568916.69,-0.24,0,r,114.580001831
1551568916.82,-0.24,0,l,103.069999695
1551568916.82,-0.24,0,r,115.669998169
1551568916.92,-0.24,0,r,117.150001526
1551568916.92,-0.24,0,l,103.940002441
1551568917.05,-0.24,0,r,118.120002747
1551568917.05,-0.24,0,l,112.540000916
1551568917.15,-0.24,0,r,119.190002441
1551568917.15,-0.24,0,l,118.709999084
1551568917.28,-0.24,0,r,120.279998779
1551568917.28,-0.24,0,l,120.38999939
1551568917.38,-0.24,0,l,116.620002747
1551568917.38,-0.24,0,r,120.989997864
1551568917.52,-0.24,0,r,122.760002136
1551568917.52,-0.24,0,l,121.699996948
1551568917.62,-0.24,0,l,124.239997864
1551568917.62,-0.24,0,r,28.0300006866
1551568917.75,-0.24,0,l,96.0
1551568917.75,-0.24,0,r,125.319999695
1551568917.85,-0.24,0,l,12.2100000381
1551568917.85,-0.24,0,r,28.1399993896
1551568917.98,-0.24,0,r,127.819999695
1551568917.98,-0.24,0,l,125.580001831
1551568933.64,-0.25,0,l,16.9500007629
1551568933.64,-0.25,0,r,20.4799995422
1551568933.77,-0.25,0,l,23.4300003052
1551568933.77,-0.25,0,r,21.4200000763
1551568933.87,-0.25,0,r,23.4599990845
1551568933.87,-0.25,0,l,24.5
1551568934.01,-0.25,0,l,25.7399997711
1551568934.01,-0.25,0,r,24.9599990845
1551568934.14,-0.25,0,l,27.7600002289
1551568934.14,-0.25,0,r,26.5900001526
1551568934.24,-0.25,0,l,30.1399993896
1551568934.24,-0.25,0,r,28.3600006104
1551568934.37,-0.25,0,r,30.5
1551568934.37,-0.25,0,l,33.7299995422
1551568934.47,-0.25,0,r,32.6100006104
1551568934.47,-0.25,0,l,34.1399993896
1551568934.61,-0.25,0,l,36.0400009155
1551568934.61,-0.25,0,r,34.8499984741
1551568934.71,-0.25,0,r,37.25
1551568934.71,-0.25,0,l,38.5099983215
1551568934.84,-0.25,0,l,40.6800003052
1551568934.84,-0.25,0,r,39.8100013733
1551568934.94,-0.25,0,l,43.4500007629
1551568934.94,-0.25,0,r,43.1500015259
1551568935.07,-0.25,0,l,45.7299995422
1551568935.07,-0.25,0,r,44.1800003052
1551568935.17,-0.25,0,r,46.0699996948
1551568935.17,-0.25,0,l,48.0900001526
1551568935.3,-0.25,0,l,50.4700012207
1551568935.3,-0.25,0,r,47.9700012207
1551568935.44,-0.25,0,l,52.3600006104
1551568935.44,-0.25,0,r,49.8600006104
1551568935.54,-0.25,0,r,52.4799995422
1551568935.54,-0.25,0,l,54.0600013733
1551568935.67,-0.25,0,r,54.4700012207
1551568935.67,-0.25,0,l,56.1699981689
1551568935.77,-0.25,0,r,56.4700012207
1551568935.77,-0.25,0,l,58.2299995422
1551568935.9,-0.25,0,r,57.9000015259
1551568935.9,-0.25,0,l,60.5400009155
1551568936.0,-0.25,0,l,61.5400009155
1551568936.0,-0.25,0,r,60.25
1551568936.14,-0.25,0,l,64.1100006104
1551568936.14,-0.25,0,r,61.8499984741
1551568936.24,-0.25,0,l,65.7900009155
1551568936.24,-0.25,0,r,63.9500007629
1551568936.37,-0.25,0,r,66.0100021362
1551568936.37,-0.25,0,l,67.8499984741
1551568936.47,-0.25,0,l,70.6299972534
1551568936.47,-0.25,0,r,68.8199996948
1551568936.6,-0.25,0,l,72.6900024414
1551568936.6,-0.25,0,r,71.6399993896
1551568936.73,-0.25,0,l,75.9700012207
1551568936.74,-0.25,0,r,74.5599975586
1551568936.84,-0.25,0,r,76.9599990845
1551568936.84,-0.25,0,l,78.3899993896
1551568936.97,-0.25,0,r,79.1999969482
1551568936.97,-0.25,0,l,80.6800003052
1551568937.07,-0.25,0,l,83.4199981689
1551568937.07,-0.25,0,r,81.5
1551568937.2,-0.25,0,l,85.3099975586
1551568937.2,-0.25,0,r,82.9800033569
1551568937.3,-0.25,0,l,87.1800003052
1551568937.3,-0.25,0,r,84.4400024414
1551568937.43,-0.25,0,l,88.8600006104
1551568937.43,-0.25,0,r,87.2600021362
1551568937.53,-0.25,0,r,89.6200027466
1551568937.53,-0.25,0,l,91.2200012207
1551568937.67,-0.25,0,r,90.3899993896
1551568937.67,-0.25,0,l,93.5899963379
1551568937.77,-0.25,0,r,93.3099975586
1551568937.77,-0.25,0,l,95.4899978638
1551568937.9,-0.25,0,r,94.8099975586
1551568937.9,-0.25,0,l,96.5400009155
1551568938.03,-0.25,0,r,97.4300003052
1551568938.03,-0.25,0,l,98.4000015259
1551568938.13,-0.25,0,l,101.470001221
1551568938.13,-0.25,0,r,100.230003357
1551568938.27,-0.25,0,r,101.86000061
1551568938.27,-0.25,0,l,96.4899978638
1551568938.37,-0.25,0,l,105.489997864
1551568938.37,-0.25,0,r,104.230003357
1551568938.5,-0.25,0,r,106.319999695
1551568938.5,-0.25,0,l,109.239997864
1551568938.6,-0.25,0,l,108.870002747
1551568938.6,-0.25,0,r,108.989997864
1551568938.73,-0.25,0,r,111.150001526
1551568938.73,-0.25,0,l,111.61000061
1551568938.86,-0.25,0,l,113.730003357
1551568938.86,-0.25,0,r,113.36000061
1551568938.96,-0.25,0,l,106.319999695
1551568938.97,-0.25,0,r,115.309997559
1551568939.1,-0.25,0,r,117.150001526
1551568939.1,-0.25,0,l,103.019996643
1551568939.2,-0.25,0,l,113.489997864
1551568939.2,-0.25,0,r,119.169998169
1551568939.33,-0.25,0,r,121.089996338
1551568939.33,-0.25,0,l,117.029998779
1551568939.43,-0.25,0,l,124.169998169
1551568939.43,-0.25,0,r,123.279998779
1551568939.56,-0.25,0,l,126.230003357
1551568939.56,-0.25,0,r,26.6100006104
1551568939.7,-0.25,0,r,27.3899993896
1551568939.7,-0.25,0,l,27.6599998474
1551568939.8,-0.25,0,r,129.630004883
1551568939.8,-0.25,0,l,130.070007324
1551568939.93,-0.25,0,l,41.5499992371
1551568939.93,-0.25,0,r,28.2000007629
1551568940.03,-0.25,0,r,29.4799995422
1551568940.03,-0.25,0,l,14.7899999619
1551568940.16,-0.25,0,l,17.6599998474
1551568940.16,-0.25,0,r,31.7900009155
1551568940.26,-0.25,0,r,35.4099998474
1551568940.26,-0.25,0,l,18.2800006866
1551569000.02,-0.26,0,r,17.7800006866
1551569000.02,-0.26,0,l,18.7000007629
1551569000.15,-0.26,0,r,18.8700008392
1551569000.15,-0.26,0,l,18.7299995422
1551569000.25,-0.26,0,r,20.6000003815
1551569000.25,-0.26,0,l,20.7099990845
1551569000.38,-0.26,0,l,23.4300003052
1551569000.38,-0.26,0,r,23.3099994659
1551569000.48,-0.26,0,l,25.8899993896
1551569000.48,-0.26,0,r,25.4699993134
1551569000.62,-0.26,0,r,28.1000003815
1551569000.62,-0.26,0,l,27.7099990845
1551569000.72,-0.26,0,l,30.2800006866
1551569000.72,-0.26,0,r,30.2399997711
1551569000.85,-0.26,0,l,32.8600006104
1551569000.85,-0.26,0,r,32.8100013733
1551569000.95,-0.26,0,r,35.7700004578
1551569000.95,-0.26,0,l,35.8400001526
1551569001.08,-0.26,0,l,38.4500007629
1551569001.08,-0.26,0,r,38.8499984741
1551569001.18,-0.26,0,r,42.6199989319
1551569001.18,-0.26,0,l,42.3100013733
1551569001.31,-0.26,0,l,45.6800003052
1551569001.32,-0.26,0,r,44.6899986267
1551569001.45,-0.26,0,l,47.8400001526
1551569001.45,-0.26,0,r,47.2400016785
1551569001.55,-0.26,0,l,50.0
1551569001.55,-0.26,0,r,50.1699981689
1551569001.68,-0.26,0,l,52.8899993896
1551569001.68,-0.26,0,r,53.0400009155
1551569001.78,-0.26,0,l,55.6100006104
1551569001.78,-0.26,0,r,55.3400001526
1551569001.91,-0.26,0,l,58.1199989319
1551569001.91,-0.26,0,r,57.8300018311
1551569002.01,-0.26,0,r,60.6100006104
1551569002.01,-0.26,0,l,60.9099998474
1551569002.15,-0.26,0,r,63.4099998474
1551569002.15,-0.26,0,l,63.6500015259
1551569002.25,-0.26,0,r,66.3000030518
1551569002.25,-0.26,0,l,66.6200027466
1551569002.38,-0.26,0,l,69.3600006104
1551569002.38,-0.26,0,r,69.9400024414
1551569002.48,-0.26,0,l,72.9599990845
1551569002.48,-0.26,0,r,72.6600036621
1551569002.61,-0.26,0,r,75.7699966431
1551569002.61,-0.26,0,l,76.0899963379
1551569002.75,-0.26,0,l,78.9499969482
1551569002.75,-0.26,0,r,79.0800018311
1551569002.85,-0.26,0,r,81.6200027466
1551569002.85,-0.26,0,l,82.0899963379
1551569002.95,-0.26,0,l,85.0999984741
1551569002.95,-0.26,0,r,84.2900009155
1551569003.08,-0.26,0,l,87.5199966431
1551569003.08,-0.26,0,r,87.0599975586
1551569003.18,-0.26,0,l,90.6800003052
1551569003.18,-0.26,0,r,89.4000015259
1551569003.31,-0.26,0,l,93.0800018311
1551569003.31,-0.26,0,r,92.0199966431
1551569003.41,-0.26,0,l,95.8099975586
1551569003.41,-0.26,0,r,95.0100021362
1551569003.54,-0.26,0,l,98.75
1551569003.54,-0.26,0,r,98.5299987793
1551569003.68,-0.26,0,l,93.5999984741
1551569003.68,-0.26,0,r,101.86000061
1551569003.81,-0.26,0,r,105.5
1551569003.81,-0.26,0,l,101.129997253
1551569003.91,-0.26,0,l,98.8700027466
1551569003.91,-0.26,0,r,108.169998169
1551569030.9,-0.27,0,l,16.3400001526
1551569030.9,-0.27,0,r,17.7299995422
1551569031.03,-0.27,0,l,17.8999996185
1551569031.03,-0.27,0,r,19.1100006104
1551569031.13,-0.27,0,l,20.5
1551569031.13,-0.27,0,r,21.5200004578
1551569031.26,-0.27,0,l,23.0699996948
1551569031.27,-0.27,0,r,24.8899993896
1551569031.4,-0.27,0,l,26.7399997711
1551569031.4,-0.27,0,r,29.7299995422
1551569031.5,-0.27,0,r,30.5
1551569031.5,-0.27,0,l,29.4300003052
1551569031.63,-0.27,0,r,33.9799995422
1551569031.63,-0.27,0,l,32.5
1551569031.73,-0.27,0,r,38.0299987793
1551569031.73,-0.27,0,l,36.2999992371
1551569031.86,-0.27,0,l,39.7000007629
1551569031.86,-0.27,0,r,42.4799995422
1551569031.96,-0.27,0,r,45.4599990845
1551569031.96,-0.27,0,l,43.4000015259
1551569032.1,-0.27,0,l,47.4099998474
1551569032.1,-0.27,0,r,48.2799987793
1551569032.2,-0.27,0,r,51.4399986267
1551569032.2,-0.27,0,l,50.2000007629
1551569032.33,-0.27,0,r,54.6199989319
1551569032.33,-0.27,0,l,53.4000015259
1551569032.43,-0.27,0,l,56.9500007629
1551569032.43,-0.27,0,r,58.2599983215
1551569032.56,-0.27,0,r,61.7599983215
1551569032.56,-0.27,0,l,60.5900001526
1551569032.7,-0.27,0,r,65.4300003052
1551569032.7,-0.27,0,l,63.5999984741
1551569032.8,-0.27,0,r,69.5999984741
1551569032.8,-0.27,0,l,67.4100036621
1551569032.93,-0.27,0,l,71.3000030518
1551569032.93,-0.27,0,r,74.0
1551569033.03,-0.27,0,r,77.7699966431
1551569033.03,-0.27,0,l,75.1600036621
1551569033.16,-0.27,0,l,78.1500015259
1551569033.16,-0.27,0,r,81.6299972534
1551569033.26,-0.27,0,l,81.6500015259
1551569033.26,-0.27,0,r,84.5100021362
1551569033.39,-0.27,0,l,86.4100036621
1551569033.39,-0.27,0,r,88.4300003052
1551569033.49,-0.27,0,l,89.4899978638
1551569033.49,-0.27,0,r,92.7900009155
1551569033.63,-0.27,0,l,93.25
1551569033.63,-0.27,0,r,95.3700027466
1551569033.73,-0.27,0,l,97.4800033569
1551569033.73,-0.27,0,r,99.6699981689
1551569033.86,-0.27,0,r,103.0
1551569033.86,-0.27,0,l,100.760002136
1551569033.96,-0.27,0,r,106.519996643
1551569033.96,-0.27,0,l,103.849998474
1551569034.09,-0.27,0,r,110.470001221
1551569034.09,-0.27,0,l,108.580001831
1551569034.19,-0.27,0,r,114.269996643
1551569034.19,-0.27,0,l,111.61000061
1551569034.33,-0.27,0,r,117.540000916
1551569034.33,-0.27,0,l,107.61000061
1551569034.43,-0.27,0,r,122.209999084
1551569034.43,-0.27,0,l,108.529998779
1551569034.56,-0.27,0,r,125.089996338
1551569034.56,-0.27,0,l,120.989997864
1551569034.66,-0.27,0,l,127.180000305
1551569034.66,-0.27,0,r,129.009994507
1551569034.79,-0.27,0,r,40.5499992371
1551569034.79,-0.27,0,l,98.4499969482
1551569034.89,-0.27,0,l,111.199996948
1551569034.89,-0.27,0,r,43.4199981689
1551569035.02,-0.27,0,l,105.349998474
1551569035.03,-0.27,0,r,45.25
1551569050.19,-0.28,0,r,30.8600006104
1551569050.19,-0.28,0,l,28.0
1551569050.32,-0.28,0,r,29.5799999237
1551569050.32,-0.28,0,l,29.6100006104
1551569050.42,-0.28,0,r,33.1199989319
1551569050.42,-0.28,0,l,33.6300010681
1551569050.55,-0.28,0,r,36.8899993896
1551569050.55,-0.28,0,l,39.1899986267
1551569050.68,-0.28,0,r,40.7299995422
1551569050.68,-0.28,0,l,42.3800010681
1551569050.78,-0.28,0,l,45.6500015259
1551569050.78,-0.28,0,r,45.25
1551569050.92,-0.28,0,l,48.7700004578
1551569050.92,-0.28,0,r,48.9399986267
1551569051.02,-0.28,0,l,53.2400016785
1551569051.02,-0.28,0,r,52.5800018311
1551569051.15,-0.28,0,r,55.7400016785
1551569051.15,-0.28,0,l,57.2599983215
1551569051.25,-0.28,0,l,61.4900016785
1551569051.25,-0.28,0,r,60.1500015259
1551569051.38,-0.28,0,l,66.4899978638
1551569051.38,-0.28,0,r,63.5499992371
1551569051.48,-0.28,0,l,69.6200027466
1551569051.48,-0.28,0,r,67.3399963379
1551569051.61,-0.28,0,l,73.3700027466
1551569051.62,-0.28,0,r,71.5400009155
1551569051.71,-0.28,0,l,76.8199996948
1551569051.72,-0.28,0,r,76.2300033569
1551569051.85,-0.28,0,r,80.8499984741
1551569051.85,-0.28,0,l,81.0599975586
1551569051.98,-0.28,0,r,85.2699966431
1551569051.98,-0.28,0,l,84.9700012207
1551569052.08,-0.28,0,r,89.6800003052
1551569052.08,-0.28,0,l,89.3899993896
1551569052.21,-0.28,0,r,93.6500015259
1551569052.21,-0.28,0,l,93.3499984741
1551569052.31,-0.28,0,l,88.8600006104
1551569052.31,-0.28,0,r,97.9400024414
1551569052.45,-0.28,0,r,101.419998169
1551569052.45,-0.28,0,l,78.0999984741
1551569052.55,-0.28,0,r,105.660003662
1551569052.55,-0.28,0,l,85.8799972534
1551569068.46,-0.29,0,r,19.6299991608
1551569068.46,-0.29,0,l,19.0599994659
1551569068.59,-0.29,0,l,22.2399997711
1551569068.59,-0.29,0,r,21.2700004578
1551569068.69,-0.29,0,r,25.1100006104
1551569068.69,-0.29,0,l,25.3299999237
1551569068.82,-0.29,0,l,30.1800003052
1551569068.82,-0.29,0,r,28.5900001526
1551569068.95,-0.29,0,l,33.2200012207
1551569068.95,-0.29,0,r,32.2799987793
1551569069.05,-0.29,0,r,37.3499984741
1551569069.05,-0.29,0,l,37.4300003052
1551569069.19,-0.29,0,l,41.8699989319
1551569069.19,-0.29,0,r,42.6899986267
1551569069.29,-0.29,0,l,46.3899993896
1551569069.29,-0.29,0,r,45.25
1551569069.42,-0.29,0,l,50.9700012207
1551569069.42,-0.29,0,r,49.7099990845
1551569069.52,-0.29,0,l,54.6699981689
1551569069.52,-0.29,0,r,53.7900009155
1551569069.65,-0.29,0,l,58.6300010681
1551569069.65,-0.29,0,r,57.7799987793
1551569069.75,-0.29,0,l,62.4799995422
1551569069.75,-0.29,0,r,62.1199989319
1551569069.89,-0.29,0,r,66.5199966431
1551569069.89,-0.29,0,l,66.9800033569
1551569069.99,-0.29,0,l,71.7200012207
1551569069.99,-0.29,0,r,71.6699981689
1551569070.12,-0.29,0,l,76.9100036621
1551569070.12,-0.29,0,r,77.0100021362
1551569070.25,-0.29,0,r,81.6900024414
1551569070.25,-0.29,0,l,81.6200027466
1551569070.35,-0.29,0,l,86.75
1551569070.35,-0.29,0,r,86.2900009155
1551569070.48,-0.29,0,l,91.1399993896
1551569070.48,-0.29,0,r,90.4400024414
1551569070.58,-0.29,0,l,95.6100006104
1551569070.58,-0.29,0,r,94.25
1551569070.72,-0.29,0,l,100.730003357
1551569070.72,-0.29,0,r,99.9800033569
1551569101.26,-0.3,0,r,23.6299991608
1551569101.26,-0.3,0,l,22.5599994659
1551569101.39,-0.3,0,r,25.4699993134
1551569101.39,-0.3,0,l,26.3199996948
1551569101.49,-0.3,0,l,33.0099983215
1551569101.49,-0.3,0,r,29.5799999237
1551569101.62,-0.3,0,l,35.2200012207
1551569101.62,-0.3,0,r,34.1899986267
1551569101.75,-0.3,0,r,39.3600006104
1551569101.76,-0.3,0,l,40.1699981689
1551569101.85,-0.3,0,r,43.8600006104
1551569101.86,-0.3,0,l,45.9300003052
1551569101.99,-0.3,0,r,48.8199996948
1551569101.99,-0.3,0,l,50.7799987793
1551569102.09,-0.3,0,r,53.4500007629
1551569102.09,-0.3,0,l,55.0
1551569102.22,-0.3,0,l,59.6699981689
1551569102.22,-0.3,0,r,58.5099983215
1551569102.32,-0.3,0,l,65.1399993896
1551569102.32,-0.3,0,r,63.6100006104
1551569102.45,-0.3,0,l,69.9199981689
1551569102.45,-0.3,0,r,68.8300018311
1551569102.55,-0.3,0,r,75.2799987793
1551569102.55,-0.3,0,l,75.4100036621
1551569102.69,-0.3,0,r,79.5899963379
1551569102.69,-0.3,0,l,81.4100036621
1551569102.79,-0.3,0,r,85.1699981689
1551569102.79,-0.3,0,l,86.5599975586
1551569102.92,-0.3,0,l,92.6299972534
1551569102.92,-0.3,0,r,90.0299987793
1551569103.05,-0.3,0,r,96.0500030518
1551569103.05,-0.3,0,l,90.1999969482
1551569103.15,-0.3,0,l,102.709999084
1551569103.15,-0.3,0,r,101.680000305
1551569103.29,-0.3,0,l,89.8399963379
1551569103.29,-0.3,0,r,106.680000305
1551569673.66,0.22,0,r,27.7299995422
1551569673.66,0.22,0,l,28.8999996185
1551569673.79,0.22,0,r,28.1399993896
1551569673.79,0.22,0,l,31.4699993134
1551569673.89,0.22,0,l,31.4699993134
1551569673.9,0.22,0,r,28.1399993896
1551569674.03,0.22,0,l,31.4500007629
1551569674.03,0.22,0,r,28.1499996185
1551569674.16,0.22,0,r,28.6499996185
1551569674.16,0.22,0,l,31.5699996948
1551569793.36,-0.22,0,l,10.9499998093
1551569793.36,-0.22,0,r,12.720000267
1551569793.5,-0.22,0,l,13.1199998856
1551569793.5,-0.22,0,r,13.0200004578
1551569816.45,-0.22,0,r,32.8600006104
1551569816.5,-0.22,0,l,23.8899993896
1551569816.58,-0.22,0,l,33.5200004578
1551569816.58,-0.22,0,r,33.1699981689
1551569832.54,-0.22,0,l,24.2399997711
1551569832.54,-0.22,0,r,32.8600006104
1551569832.67,-0.22,0,l,33.5200004578
1551569832.67,-0.22,0,r,33.25
1551569832.77,-0.22,0,r,33.0999984741
1551569832.77,-0.22,0,l,33.5200004578
1551569832.9,-0.22,0,r,33.1199989319
1551569832.9,-0.22,0,l,33.5099983215
1551569833.0,-0.22,0,r,33.0999984741
1551569833.0,-0.22,0,l,33.5200004578
1551569833.14,-0.22,0,l,33.5200004578
1551569833.14,-0.22,0,r,33.0999984741
1551569833.24,-0.22,0,r,33.0999984741
1551569833.24,-0.22,0,l,33.5099983215
1551569833.37,-0.22,0,l,33.5200004578
1551569833.37,-0.22,0,r,33.0999984741
1551569833.47,-0.22,0,l,33.5200004578
1551569833.47,-0.22,0,r,33.0999984741
1551569833.57,-0.22,0,r,33.0999984741
1551569833.57,-0.22,0,l,33.5200004578
1551569833.7,-0.22,0,r,33.0999984741
1551569833.7,-0.22,0,l,33.5200004578
1551569833.8,-0.22,0,r,33.1199989319
1551569833.8,-0.22,0,l,33.6300010681
1551569833.93,-0.22,0,r,33.1199989319
1551569833.93,-0.22,0,l,33.5200004578
1551569834.03,-0.22,0,l,33.5200004578
1551569834.03,-0.22,0,r,33.1699981689
1551569834.17,-0.22,0,r,33.1199989319
1551569834.17,-0.22,0,l,33.5200004578
1551569834.3,-0.22,0,r,33.1699981689
1551569834.3,-0.22,0,l,33.5200004578
1551569834.4,-0.22,0,r,33.1199989319
1551569834.4,-0.22,0,l,33.5200004578
1551569834.53,-0.22,0,l,33.5200004578
1551569834.53,-0.22,0,r,33.2200012207
1551569834.67,-0.22,0,r,33.1199989319
1551569834.67,-0.22,0,l,33.5200004578
1551569834.77,-0.22,0,l,33.5200004578
1551569834.77,-0.22,0,r,33.0999984741
1551569834.9,-0.22,0,r,33.1199989319
1551569834.9,-0.22,0,l,33.5099983215
1551569835.0,-0.22,0,l,33.5200004578
1551569835.0,-0.22,0,r,33.0999984741
1551569835.13,-0.22,0,r,33.1300010681
1551569835.13,-0.22,0,l,33.5200004578
1551569853.42,-0.23,0,r,33.2000007629
1551569853.42,-0.23,0,l,23.4300003052
1551569853.55,-0.23,0,l,33.5200004578
1551569853.55,-0.23,0,r,33.2700004578
1551569853.69,-0.23,0,l,33.5200004578
1551569853.69,-0.23,0,r,33.1699981689
1551569853.79,-0.23,0,l,33.5099983215
1551569853.79,-0.23,0,r,33.1500015259
1551569853.92,-0.23,0,l,33.5099983215
1551569853.92,-0.23,0,r,33.1500015259
1551569854.02,-0.23,0,l,33.5200004578
1551569854.02,-0.23,0,r,33.1699981689
1551569854.15,-0.23,0,l,33.5200004578
1551569854.15,-0.23,0,r,33.2200012207
1551569854.25,-0.23,0,l,33.5200004578
1551569854.25,-0.23,0,r,33.1699981689
1551569854.39,-0.23,0,l,33.5200004578
1551569854.39,-0.23,0,r,33.0999984741
1551569854.49,-0.23,0,r,33.0999984741
1551569854.49,-0.23,0,l,33.5200004578
1551569854.62,-0.23,0,l,33.5200004578
1551569854.62,-0.23,0,r,33.1500015259
1551569854.72,-0.23,0,r,33.1500015259
1551569854.72,-0.23,0,l,33.5200004578
1551569854.85,-0.23,0,l,33.5200004578
1551569854.85,-0.23,0,r,32.7400016785
1551569854.98,-0.23,0,r,33.1500015259
1551569854.98,-0.23,0,l,33.5200004578
1551569867.77,-0.24,0,l,30.4300003052
1551569867.77,-0.24,0,r,38.7400016785
1551569867.91,-0.24,0,l,40.0499992371
1551569867.91,-0.24,0,r,39.6100006104
1551569868.01,-0.24,0,r,41.0400009155
1551569868.01,-0.24,0,l,41.3300018311
1551569868.14,-0.24,0,l,42.2599983215
1551569868.14,-0.24,0,r,42.3100013733
1551569868.27,-0.24,0,r,42.9300003052
1551569868.27,-0.24,0,l,43.9799995422
1551569868.37,-0.24,0,r,43.5400009155
1551569868.37,-0.24,0,l,45.0200004578
1551569868.5,-0.24,0,l,46.2400016785
1551569868.5,-0.24,0,r,44.5900001526
1551569868.6,-0.24,0,l,46.5499992371
1551569868.61,-0.24,0,r,45.6599998474
1551569868.74,-0.24,0,r,46.1699981689
1551569868.74,-0.24,0,l,47.4300003052
1551569868.84,-0.24,0,l,47.6300010681
1551569868.84,-0.24,0,r,46.7299995422
1551569868.97,-0.24,0,l,48.7099990845
1551569868.97,-0.24,0,r,48.2299995422
1551569869.07,-0.24,0,r,48.9900016785
1551569869.07,-0.24,0,l,49.4700012207
1551569869.2,-0.24,0,r,49.8100013733
1551569869.2,-0.24,0,l,50.2999992371
1551569869.3,-0.24,0,l,51.3899993896
1551569869.3,-0.24,0,r,50.8800010681
1551569869.44,-0.24,0,l,52.5099983215
1551569869.44,-0.24,0,r,52.0200004578
1551569869.57,-0.24,0,r,53.4500007629
1551569869.57,-0.24,0,l,53.5999984741
1551569869.67,-0.24,0,r,54.1100006104
1551569869.67,-0.24,0,l,54.5200004578
1551569869.8,-0.24,0,l,56.0200004578
1551569869.8,-0.24,0,r,55.4900016785
1551569869.9,-0.24,0,l,57.2400016785
1551569869.9,-0.24,0,r,56.2999992371
1551569870.04,-0.24,0,r,57.2900009155
1551569870.04,-0.24,0,l,57.7999992371
1551569870.14,-0.24,0,r,58.5099983215
1551569870.14,-0.24,0,l,58.6800003052
1551569870.27,-0.24,0,r,59.1800003052
1551569870.27,-0.24,0,l,60.1599998474
1551569870.37,-0.24,0,r,60.7099990845
1551569870.37,-0.24,0,l,61.2999992371
1551569870.5,-0.24,0,r,61.4700012207
1551569870.5,-0.24,0,l,61.9000015259
1551569870.6,-0.24,0,l,63.0699996948
1551569870.6,-0.24,0,r,63.0400009155
1551569870.7,-0.24,0,r,64.1399993896
1551569870.7,-0.24,0,l,64.3099975586
1551569870.83,-0.24,0,r,65.3799972534
1551569870.83,-0.24,0,l,65.9599990845
1551569870.93,-0.24,0,r,66.8099975586
1551569870.93,-0.24,0,l,67.5400009155
1551569871.07,-0.24,0,l,68.7300033569
1551569871.07,-0.24,0,r,68.6100006104
1551569871.17,-0.24,0,r,70.6200027466
1551569871.17,-0.24,0,l,70.7900009155
1551569871.3,-0.24,0,r,72.1500015259
1551569871.3,-0.24,0,l,71.8300018311
1551569871.4,-0.24,0,r,73.7300033569
1551569871.4,-0.24,0,l,74.1699981689
1551569871.5,-0.24,0,r,75.0699996948
1551569871.5,-0.24,0,l,75.6200027466
1551569871.63,-0.24,0,r,76.5299987793
1551569871.63,-0.24,0,l,77.1600036621
1551569871.73,-0.24,0,l,78.8099975586
1551569871.73,-0.24,0,r,77.7699966431
1551569871.87,-0.24,0,l,80.1600036621
1551569871.87,-0.24,0,r,78.7799987793
1551569871.97,-0.24,0,l,81.5
1551569871.97,-0.24,0,r,80.3600006104
1551569872.1,-0.24,0,l,82.7900009155
1551569872.1,-0.24,0,r,81.2600021362
1551569872.23,-0.24,0,r,82.5199966431
1551569872.23,-0.24,0,l,84.0599975586
1551569872.33,-0.24,0,l,85.3600006104
1551569872.33,-0.24,0,r,83.4700012207
1551569872.46,-0.24,0,r,84.6399993896
1551569872.46,-0.24,0,l,86.6299972534
1551569872.56,-0.24,0,r,85.8199996948
1551569872.56,-0.24,0,l,87.4100036621
1551569872.7,-0.24,0,r,87.5199966431
1551569872.7,-0.24,0,l,88.7600021362
1551569872.8,-0.24,0,r,88.0800018311
1551569872.8,-0.24,0,l,89.7300033569
1551569872.93,-0.24,0,l,90.8499984741
1551569872.93,-0.24,0,r,89.6100006104
1551569873.03,-0.24,0,r,91.1399993896
1551569873.03,-0.24,0,l,75.8899993896
1551569873.16,-0.24,0,l,92.8700027466
1551569873.16,-0.24,0,r,92.4300003052
1551569873.26,-0.24,0,l,93.9899978638
1551569873.26,-0.24,0,r,93.7900009155
1551569873.4,-0.24,0,r,94.8899993896
1551569873.4,-0.24,0,l,83.5
1551569873.53,-0.24,0,r,96.2699966431
1551569873.53,-0.24,0,l,85.8700027466
1551569873.63,-0.24,0,r,97.0999984741
1551569873.63,-0.24,0,l,89.4199981689
1551569873.76,-0.24,0,r,98.9100036621
1551569873.76,-0.24,0,l,91.6800003052
1551569873.86,-0.24,0,r,100.279998779
1551569873.86,-0.24,0,l,77.2699966431
1551569873.99,-0.24,0,l,78.9300003052
1551569873.99,-0.24,0,r,101.980003357
1551569874.09,-0.24,0,r,103.36000061
1551569874.1,-0.24,0,l,81.2399978638
1551569874.23,-0.24,0,r,104.690002441
1551569874.23,-0.24,0,l,84.1200027466
1551569874.33,-0.24,0,l,86.5800018311
1551569874.33,-0.24,0,r,105.959999084
1551569874.46,-0.24,0,l,89.1999969482
1551569874.46,-0.24,0,r,107.129997253
1551569874.56,-0.24,0,r,108.430000305
1551569874.56,-0.24,0,l,93.5299987793
1551569874.69,-0.24,0,r,109.699996948
1551569874.69,-0.24,0,l,101.580001831
1551569874.79,-0.24,0,r,110.790000916
1551569874.79,-0.24,0,l,96.4199981689
1551569874.93,-0.24,0,r,111.949996948
1551569874.93,-0.24,0,l,106.25
1551569875.03,-0.24,0,l,109.919998169
1551569875.03,-0.24,0,r,112.629997253
1551569875.16,-0.24,0,l,112.569999695
1551569875.16,-0.24,0,r,113.61000061
1551569875.26,-0.24,0,r,114.940002441
1551569875.26,-0.24,0,l,107.220001221
1551569875.39,-0.24,0,l,100.959999084
1551569875.39,-0.24,0,r,115.910003662
1551569875.49,-0.24,0,l,104.870002747
1551569875.49,-0.24,0,r,116.980003357
1551569875.63,-0.24,0,l,103.730003357
1551569875.63,-0.24,0,r,117.959999084
1551569875.73,-0.24,0,r,119.13999939
1551569875.73,-0.24,0,l,115.279998779
1551569875.86,-0.24,0,r,120.510002136
1551569875.86,-0.24,0,l,120.330001831
1551569875.96,-0.24,0,l,100.86000061
1551569875.96,-0.24,0,r,121.300003052
1551569876.09,-0.24,0,r,122.769996643
1551569876.09,-0.24,0,l,103.120002747
1551569876.19,-0.24,0,r,123.63999939
1551569876.19,-0.24,0,l,125.150001526
1551569876.32,-0.24,0,l,124.410003662
1551569876.32,-0.24,0,r,124.760002136
1551569876.42,-0.24,0,l,126.699996948
1551569876.42,-0.24,0,r,125.940002441
1551569876.56,-0.24,0,r,127.129997253
1551569876.56,-0.24,0,l,127.470001221
1551569876.66,-0.24,0,l,129.539993286
1551569876.66,-0.24,0,r,128.199996948
1551569932.39,0.24,0,l,124.440002441
1551569932.39,0.24,0,r,124.080001831
1551569932.5,0.24,0,l,115.519996643
1551569932.5,0.24,0,r,121.910003662
1551569932.6,0.24,0,r,120.040000916
1551569932.61,0.24,0,l,104.13999939
1551569932.74,0.24,0,l,119.680000305
1551569932.74,0.24,0,r,118.029998779
1551569932.84,0.24,0,l,116.199996948
1551569932.84,0.24,0,r,116.199996948
1551569932.94,0.24,0,r,114.019996643
1551569932.94,0.24,0,l,114.220001221
1551569933.04,0.24,0,l,108.919998169
1551569933.04,0.24,0,r,112.559997559
1551569933.17,0.24,0,r,110.769996643
1551569933.17,0.24,0,l,102.309997559
1551569933.3,0.24,0,l,108.150001526
1551569933.3,0.24,0,r,108.680000305
1551569933.4,0.24,0,l,103.430000305
1551569933.4,0.24,0,r,106.779998779
1551569933.5,0.24,0,l,105.180000305
1551569933.5,0.24,0,r,104.690002441
1551569933.64,0.24,0,l,102.919998169
1551569933.64,0.24,0,r,102.629997253
1551569933.74,0.24,0,l,95.9499969482
1551569933.74,0.24,0,r,100.489997864
1551569933.87,0.24,0,r,98.9100036621
1551569933.87,0.24,0,l,92.5599975586
1551569933.97,0.24,0,r,96.8499984741
1551569933.97,0.24,0,l,86.9000015259
1551569934.1,0.24,0,l,83.7799987793
1551569934.1,0.24,0,r,95.0
1551569934.2,0.24,0,l,78.7600021362
1551569934.2,0.24,0,r,92.9400024414
1551569934.34,0.24,0,r,90.6999969482
1551569934.34,0.24,0,l,91.6299972534
1551569934.44,0.24,0,r,88.8899993896
1551569934.44,0.24,0,l,89.8799972534
1551569934.57,0.24,0,r,86.5999984741
1551569934.57,0.24,0,l,66.8300018311
1551569934.67,0.24,0,l,63.9500007629
1551569934.67,0.24,0,r,83.7900009155
1551569934.8,0.24,0,r,83.1600036621
1551569934.8,0.24,0,l,61.0999984741
1551569934.9,0.24,0,l,56.1699981689
1551569934.9,0.24,0,r,81.2799987793
1551569935.03,0.24,0,r,79.6800003052
1551569935.03,0.24,0,l,81.8199996948
1551569935.13,0.24,0,l,79.6600036621
1551569935.13,0.24,0,r,77.7200012207
1551569935.27,0.24,0,l,78.3499984741
1551569935.27,0.24,0,r,75.8700027466
1551569935.37,0.24,0,r,73.5800018311
1551569935.37,0.24,0,l,74.75
1551569935.47,0.24,0,l,72.9499969482
1551569935.47,0.24,0,r,71.7900009155
1551569935.6,0.24,0,l,71.0899963379
1551569935.6,0.24,0,r,69.8499984741
1551569935.7,0.24,0,l,68.6299972534
1551569935.7,0.24,0,r,67.9000015259
1551569935.83,0.24,0,l,66.9000015259
1551569935.83,0.24,0,r,65.6399993896
1551569935.93,0.24,0,r,63.75
1551569935.93,0.24,0,l,65.0400009155
1551569936.07,0.24,0,r,61.8100013733
1551569936.07,0.24,0,l,63.0900001526
1551569936.17,0.24,0,r,60.4500007629
1551569936.17,0.24,0,l,61.5400009155
1551569936.3,0.24,0,l,59.4500007629
1551569936.3,0.24,0,r,58.6199989319
1551569936.4,0.24,0,r,56.6100006104
1551569936.4,0.24,0,l,58.2799987793
1551569936.53,0.24,0,l,55.8600006104
1551569936.53,0.24,0,r,54.6199989319
1551569936.63,0.24,0,l,53.6899986267
1551569936.63,0.24,0,r,52.5299987793
1551569936.76,0.24,0,r,50.6300010681
1551569936.76,0.24,0,l,52.3100013733
1551569936.86,0.24,0,l,50.1500015259
1551569936.86,0.24,0,r,48.4799995422
1551569937.0,0.24,0,l,48.6500015259
1551569937.0,0.24,0,r,46.9900016785
1551569937.1,0.24,0,r,44.6899986267
1551569937.1,0.24,0,l,47.1199989319
1551569937.23,0.24,0,r,43.3300018311
1551569937.23,0.24,0,l,44.8100013733
1551569937.33,0.24,0,l,42.5699996948
1551569937.33,0.24,0,r,41.7700004578
1551569937.46,0.24,0,r,38.5900001526
1551569937.46,0.24,0,l,40.3100013733
1551569937.56,0.24,0,r,35.9199981689
1551569937.56,0.24,0,l,37.1100006104
1551569937.7,0.24,0,r,34.0900001526
1551569937.7,0.24,0,l,35.3300018311
1551569937.8,0.24,0,l,33.6300010681
1551569937.8,0.24,0,r,31.9799995422
1551569937.93,0.24,0,l,31.8799991608
1551569937.93,0.24,0,r,30.2900009155
1551569938.03,0.24,0,l,30.3799991608
1551569938.03,0.24,0,r,28.4599990845
1551569938.16,0.24,0,r,27.2199993134
1551569938.16,0.24,0,l,28.75
1551569938.26,0.24,0,l,28.3899993896
1551569938.32,0.24,0,r,26.5400009155
1551569938.45,0.24,0,l,26.1000003815
1551569938.45,0.24,0,r,24.0900001526
1551569938.62,0.24,0,r,22.3600006104
1551569938.62,0.24,0,l,23.8899993896
1551569938.71,0.24,0,r,22.6599998474
1551569938.71,0.24,0,l,23.7299995422
1551569938.88,0.24,0,r,22.5900001526
1551569938.88,0.24,0,l,24.0900001526
1551569963.4,-0.25,0,r,32.7099990845
1551569963.4,-0.25,0,l,33.4199981689
1551569963.53,-0.25,0,l,35.1599998474
1551569963.53,-0.25,0,r,33.7299995422
1551569963.66,-0.25,0,l,37.7400016785
1551569963.66,-0.25,0,r,36.6500015259
1551569963.76,-0.25,0,r,39.9199981689
1551569963.76,-0.25,0,l,40.5600013733
1551569963.89,-0.25,0,r,42.5900001526
1551569963.89,-0.25,0,l,43.6100006104
1551569963.99,-0.25,0,r,43.7099990845
1551569963.99,-0.25,0,l,45.8800010681
1551569964.13,-0.25,0,l,47.6300010681
1551569964.13,-0.25,0,r,45.4199981689
1551569964.23,-0.25,0,r,47.4599990845
1551569964.23,-0.25,0,l,49.4199981689
1551569964.36,-0.25,0,r,49.3199996948
1551569964.36,-0.25,0,l,50.9199981689
1551569964.46,-0.25,0,l,53.4000015259
1551569964.46,-0.25,0,r,51.3600006104
1551569964.59,-0.25,0,r,53.4000015259
1551569964.59,-0.25,0,l,54.6199989319
1551569964.69,-0.25,0,l,56.6300010681
1551569964.69,-0.25,0,r,54.9799995422
1551569964.83,-0.25,0,r,56.8300018311
1551569964.83,-0.25,0,l,58.4599990845
1551569964.93,-0.25,0,l,60.3699989319
1551569964.93,-0.25,0,r,59.1300010681
1551569965.06,-0.25,0,r,61.0800018311
1551569965.06,-0.25,0,l,61.7799987793
1551569965.16,-0.25,0,l,64.3600006104
1551569965.16,-0.25,0,r,62.6300010681
1551569965.29,-0.25,0,r,64.7200012207
1551569965.29,-0.25,0,l,66.4499969482
1551569965.39,-0.25,0,l,68.6800003052
1551569965.39,-0.25,0,r,67.3399963379
1551569965.52,-0.25,0,r,69.4499969482
1551569965.52,-0.25,0,l,71.0400009155
1551569965.62,-0.25,0,l,73.0299987793
1551569965.62,-0.25,0,r,72.0999984741
1551569965.76,-0.25,0,r,74.2900009155
1551569965.76,-0.25,0,l,75.6200027466
1551569965.86,-0.25,0,l,78.4499969482
1551569965.86,-0.25,0,r,76.3000030518
1551569965.99,-0.25,0,l,80.6299972534
1551569965.99,-0.25,0,r,78.1299972534
1551569966.09,-0.25,0,r,79.9000015259
1551569966.09,-0.25,0,l,82.9400024414
1551569966.22,-0.25,0,l,84.7799987793
1551569966.22,-0.25,0,r,82.0899963379
1551569966.32,-0.25,0,l,86.1900024414
1551569966.32,-0.25,0,r,84.2399978638
1551569966.46,-0.25,0,l,87.6200027466
1551569966.46,-0.25,0,r,85.4800033569
1551569966.56,-0.25,0,r,87.9800033569
1551569966.56,-0.25,0,l,90.1900024414
1551569966.69,-0.25,0,r,90.2900009155
1551569966.69,-0.25,0,l,92.2600021362
1551569966.79,-0.25,0,l,93.6900024414
1551569966.79,-0.25,0,r,92.1399993896
1551569966.92,-0.25,0,r,94.0400009155
1551569966.92,-0.25,0,l,96.0
1551569967.02,-0.25,0,l,98.1200027466
1551569967.02,-0.25,0,r,96.2399978638
1551569967.15,-0.25,0,r,98.4800033569
1551569967.15,-0.25,0,l,99.1299972534
1551569967.25,-0.25,0,l,102.029998779
1551569967.25,-0.25,0,r,100.809997559
1551569967.39,-0.25,0,l,103.050003052
1551569967.39,-0.25,0,r,102.730003357
1551569967.49,-0.25,0,l,105.540000916
1551569967.49,-0.25,0,r,105.150001526
1551569967.59,-0.25,0,l,108.36000061
1551569967.59,-0.25,0,r,107.099998474
1551569967.72,-0.25,0,l,110.569999695
1551569967.72,-0.25,0,r,108.580001831
1551569967.82,-0.25,0,l,105.379997253
1551569967.82,-0.25,0,r,110.989997864
1551569967.95,-0.25,0,r,112.730003357
1551569967.95,-0.25,0,l,110.669998169
1551569968.05,-0.25,0,l,113.540000916
1551569968.05,-0.25,0,r,114.779998779
1551569968.19,-0.25,0,l,118.339996338
1551569968.19,-0.25,0,r,116.709999084
1551569968.29,-0.25,0,r,118.629997253
1551569968.29,-0.25,0,l,118.709999084
1551569968.42,-0.25,0,r,120.459999084
1551569968.42,-0.25,0,l,120.919998169
1551569981.71,0.26,0,r,112.349998474
1551569981.71,0.26,0,l,113.809997559
1551569981.84,0.26,0,l,109.88999939
1551569981.84,0.26,0,r,109.5
1551569981.94,0.26,0,l,108.0
1551569981.94,0.26,0,r,106.63999939
1551569982.07,0.26,0,r,102.940002441
1551569982.07,0.26,0,l,103.88999939
1551569982.17,0.26,0,r,100.519996643
1551569982.17,0.26,0,l,101.059997559
1551569982.3,0.26,0,l,98.2300033569
1551569982.31,0.26,0,r,96.8799972534
1551569982.41,0.26,0,r,93.0400009155
1551569982.41,0.26,0,l,95.0299987793
1551569982.54,0.26,0,r,90.8499984741
1551569982.54,0.26,0,l,91.7300033569
1551569982.64,0.26,0,l,89.6200027466
1551569982.64,0.26,0,r,87.2099990845
1551569982.77,0.26,0,l,86.9499969482
1551569982.77,0.26,0,r,84.1299972534
1551569982.9,0.26,0,l,83.3000030518
1551569982.9,0.26,0,r,80.8700027466
1551569983.0,0.26,0,r,77.3199996948
1551569983.0,0.26,0,l,79.9700012207
1551569983.14,0.26,0,l,75.6200027466
1551569983.14,0.26,0,r,74.0400009155
1551569983.24,0.26,0,l,71.8600006104
1551569983.24,0.26,0,r,69.3300018311
1551569983.37,0.26,0,l,68.5800018311
1551569983.37,0.26,0,r,65.8099975586
1551569983.47,0.26,0,r,62.5800018311
1551569983.47,0.26,0,l,65.0199966431
1551569983.6,0.26,0,r,59.2299995422
1551569983.6,0.26,0,l,61.5400009155
1551569983.7,0.26,0,l,58.0699996948
1551569983.7,0.26,0,r,55.2299995422
1551569983.84,0.26,0,r,52.3600006104
1551569983.84,0.26,0,l,54.6699981689
1551569983.94,0.26,0,r,48.6399993896
1551569983.94,0.26,0,l,51.4300003052
1551569984.07,0.26,0,r,44.4900016785
1551569984.07,0.26,0,l,48.3800010681
1551569984.2,0.26,0,r,42.8199996948
1551569984.2,0.26,0,l,44.1300010681
1551569984.3,0.26,0,r,37.5499992371
1551569984.3,0.26,0,l,39.9500007629
1551569984.43,0.26,0,r,33.4199981689
1551569984.43,0.26,0,l,35.6800003052
1551569984.53,0.26,0,r,29.8400001526
1551569984.53,0.26,0,l,33.3699989319
1551569984.67,0.26,0,l,29.5599994659
1551569984.67,0.26,0,r,27.1299991608
1551569984.77,0.26,0,l,25.5300006866
1551569984.77,0.26,0,r,24.0699996948
1551569984.95,0.26,0,r,20.3500003815
1551569984.95,0.26,0,l,23.0499992371
1551569985.08,0.26,0,l,19.2399997711
1551569985.08,0.26,0,r,16.8099994659
1551569985.22,0.26,0,r,13.4300003052
1551569985.22,0.26,0,l,15.6599998474
1551570013.81,-0.26,0,l,22.3700008392
1551570013.81,-0.26,0,r,19.6900005341
1551570013.96,-0.26,0,r,23.3199996948
1551570013.96,-0.26,0,l,25.0200004578
1551570019.62,-0.26,0,l,41.6300010681
1551570019.62,-0.26,0,r,39.0699996948
1551570019.75,-0.26,0,r,41.4000015259
1551570019.75,-0.26,0,l,40.0400009155
1551570019.85,-0.26,0,r,42.6699981689
1551570019.85,-0.26,0,l,45.8800010681
1551570019.98,-0.26,0,l,48.6500015259
1551570019.98,-0.26,0,r,45.2000007629
1551570020.11,-0.26,0,l,50.7099990845
1551570020.11,-0.26,0,r,48.0299987793
1551570020.21,-0.26,0,r,50.3400001526
1551570020.21,-0.26,0,l,53.0699996948
1551570020.35,-0.26,0,l,55.8600006104
1551570020.35,-0.26,0,r,53.4500007629
1551570020.45,-0.26,0,l,58.5699996948
1551570020.45,-0.26,0,r,56.1500015259
1551570020.58,-0.26,0,l,61.3499984741
1551570020.58,-0.26,0,r,58.4599990845
1551570020.68,-0.26,0,l,63.5299987793
1551570020.68,-0.26,0,r,61.1699981689
1551570020.81,-0.26,0,l,66.0599975586
1551570020.81,-0.26,0,r,63.5499992371
1551570020.91,-0.26,0,l,69.0400009155
1551570020.91,-0.26,0,r,66.4700012207
1551570021.05,-0.26,0,l,72.1800003052
1551570021.05,-0.26,0,r,70.0400009155
1551570021.15,-0.26,0,l,75.7300033569
1551570021.15,-0.26,0,r,73.6299972534
1551570021.28,-0.26,0,r,76.7600021362
1551570021.28,-0.26,0,l,78.9000015259
1551570021.41,-0.26,0,r,79.0199966431
1551570021.41,-0.26,0,l,82.3000030518
1551570021.51,-0.26,0,l,85.2900009155
1551570021.51,-0.26,0,r,81.9899978638
1551570021.61,-0.26,0,l,87.5999984741
1551570021.61,-0.26,0,r,84.1999969482
1551570021.74,-0.26,0,r,86.8499984741
1551570021.74,-0.26,0,l,90.3399963379
1551570021.84,-0.26,0,l,93.3799972534
1551570021.84,-0.26,0,r,89.8799972534
1551570021.98,-0.26,0,l,95.2200012207
1551570021.98,-0.26,0,r,92.4499969482
1551570022.08,-0.26,0,r,95.4199981689
1551570022.08,-0.26,0,l,96.4199981689
1551570022.21,-0.26,0,l,100.959999084
1551570022.21,-0.26,0,r,98.2399978638
1551570022.31,-0.26,0,r,100.930000305
1551570022.31,-0.26,0,l,103.169998169
1551570022.44,-0.26,0,r,104.480003357
1551570022.44,-0.26,0,l,107.580001831
1551570022.54,-0.26,0,l,109.190002441
1551570022.54,-0.26,0,r,107.529998779
1551570032.83,0.27,0,r,92.3300018311
1551570032.83,0.27,0,l,95.0
1551570032.96,0.27,0,l,92.4100036621
1551570032.96,0.27,0,r,89.3499984741
1551570033.06,0.27,0,r,85.8799972534
1551570033.06,0.27,0,l,89.8300018311
1551570033.19,0.27,0,r,81.9899978638
1551570033.19,0.27,0,l,86.2699966431
1551570033.29,0.27,0,r,78.5899963379
1551570033.29,0.27,0,l,82.7699966431
1551570033.42,0.27,0,l,78.5599975586
1551570033.42,0.27,0,r,76.2300033569
1551570033.52,0.27,0,r,70.6699981689
1551570033.52,0.27,0,l,74.3199996948
1551570033.66,0.27,0,r,66.9800033569
1551570033.66,0.27,0,l,70.3600006104
1551570033.76,0.27,0,r,62.6599998474
1551570033.76,0.27,0,l,65.8600006104
1551570033.89,0.27,0,l,62.4599990845
1551570033.89,0.27,0,r,59.1800003052
1551570033.99,0.27,0,r,54.8800010681
1551570033.99,0.27,0,l,58.3800010681
1551570034.12,0.27,0,l,54.7700004578
1551570034.12,0.27,0,r,50.5200004578
1551570034.26,0.27,0,l,50.2000007629
1551570034.26,0.27,0,r,46.1699981689
1551570034.36,0.27,0,l,44.7400016785
1551570034.36,0.27,0,r,43.2299995422
1551570034.49,0.27,0,r,37.8600006104
1551570034.49,0.27,0,l,40.4599990845
1551570034.62,0.27,0,l,38.4500007629
1551570034.62,0.27,0,r,32.5900001526
1551570034.72,0.27,0,l,31.8799991608
1551570034.72,0.27,0,r,28.4599990845
1551570034.82,0.27,0,l,27.6599998474
1551570034.82,0.27,0,r,25.2099990845
1551570034.95,0.27,0,r,21.1100006104
1551570034.95,0.27,0,l,25.7399997711
1551570035.11,0.27,0,r,16.6599998474
1551570035.11,0.27,0,l,20.2800006866
1551570035.23,0.27,0,r,13.0900001526
1551570035.23,0.27,0,l,16.2700004578
1551570035.37,0.27,0,l,11.029999733
1551570035.37,0.27,0,r,8.01000022888
1551570044.12,-0.27,0,l,25.4300003052
1551570044.12,-0.27,0,r,20.5499992371
1551570044.28,-0.27,0,r,21.9799995422
1551570044.28,-0.27,0,l,25.9899997711
1551570044.35,-0.27,0,l,27.5599994659
1551570044.35,-0.27,0,r,25.3099994659
1551570044.48,-0.27,0,l,29.1000003815
1551570044.48,-0.27,0,r,26.5699996948
1551570044.61,-0.27,0,r,26.8099994659
1551570044.61,-0.27,0,l,29.7999992371
1551570044.72,-0.27,0,l,29.7199993134
1551570044.72,-0.27,0,r,26.7099990845
1551570049.12,-0.27,0,l,46.0900001526
1551570049.12,-0.27,0,r,43.4000015259
1551570049.25,-0.27,0,r,44.5099983215
1551570049.25,-0.27,0,l,48.4500007629
1551570049.35,-0.27,0,l,52.0499992371
1551570049.35,-0.27,0,r,47.5699996948
1551570049.48,-0.27,0,l,55.0299987793
1551570049.48,-0.27,0,r,50.4399986267
1551570049.62,-0.27,0,r,53.75
1551570049.62,-0.27,0,l,57.5099983215
1551570049.72,-0.27,0,r,57.4399986267
1551570049.72,-0.27,0,l,60.8899993896
1551570049.85,-0.27,0,l,63.7799987793
1551570049.85,-0.27,0,r,60.8100013733
1551570049.95,-0.27,0,l,67.75
1551570049.95,-0.27,0,r,64.1600036621
1551570050.08,-0.27,0,r,67.8499984741
1551570050.08,-0.27,0,l,71.0400009155
1551570050.18,-0.27,0,r,72.0500030518
1551570050.18,-0.27,0,l,75.1600036621
1551570050.32,-0.27,0,l,78.8799972534
1551570050.32,-0.27,0,r,75.8399963379
1551570050.42,-0.27,0,l,83.1800003052
1551570050.42,-0.27,0,r,78.8000030518
1551570050.55,-0.27,0,l,86.5800018311
1551570050.55,-0.27,0,r,81.8399963379
1551570050.65,-0.27,0,r,85.9400024414
1551570050.65,-0.27,0,l,89.9100036621
1551570050.78,-0.27,0,l,92.9599990845
1551570050.78,-0.27,0,r,89.2200012207
1551570050.91,-0.27,0,r,92.9199981689
1551570050.91,-0.27,0,l,96.2699966431
1551570051.01,-0.27,0,l,100.230003357
1551570051.01,-0.27,0,r,96.8099975586
1551570051.15,-0.27,0,l,103.0
1551570051.15,-0.27,0,r,100.839996338
1551570051.25,-0.27,0,r,104.86000061
1551570051.25,-0.27,0,l,107.75
1551570051.38,-0.27,0,r,108.220001221
1551570051.38,-0.27,0,l,112.540000916
1551570051.48,-0.27,0,r,111.519996643
1551570051.48,-0.27,0,l,114.699996948
1551570061.38,0.27,0,r,101.180000305
1551570061.38,0.27,0,l,104.180000305
1551570061.51,0.27,0,r,97.6999969482
1551570061.51,0.27,0,l,101.61000061
1551570061.64,0.27,0,l,97.5
1551570061.64,0.27,0,r,93.8600006104
1551570061.74,0.27,0,r,90.5400009155
1551570061.74,0.27,0,l,93.6200027466
1551570061.87,0.27,0,l,91.4599990845
1551570061.88,0.27,0,r,86.4599990845
1551570061.97,0.27,0,l,88.7099990845
1551570061.98,0.27,0,r,83.3499984741
1551570062.11,0.27,0,r,79.3600006104
1551570062.11,0.27,0,l,85.0500030518
1551570062.24,0.27,0,l,80.3600006104
1551570062.24,0.27,0,r,76.8099975586
1551570062.34,0.27,0,l,75.7699966431
1551570062.34,0.27,0,r,71.3799972534
1551570062.47,0.27,0,l,71.9599990845
1551570062.47,0.27,0,r,66.7799987793
1551570062.61,0.27,0,l,67.2900009155
1551570062.61,0.27,0,r,62.6300010681
1551570062.71,0.27,0,l,63.1399993896
1551570062.71,0.27,0,r,58.6199989319
1551570062.84,0.27,0,r,53.9099998474
1551570062.84,0.27,0,l,60.1100006104
1551570062.94,0.27,0,r,49.6599998474
1551570062.94,0.27,0,l,55.1300010681
1551570063.07,0.27,0,l,51.2400016785
1551570063.07,0.27,0,r,46.0200004578
1551570063.17,0.27,0,l,45.8300018311
1551570063.17,0.27,0,r,42.9399986267
1551570063.31,0.27,0,r,37.9599990845
1551570063.31,0.27,0,l,42.4700012207
1551570063.41,0.27,0,r,33.1699981689
1551570063.41,0.27,0,l,38.7099990845
1551570063.54,0.27,0,r,29.3799991608
1551570063.54,0.27,0,l,34.0900001526
1551570063.64,0.27,0,l,29.4099998474
1551570063.64,0.27,0,r,25.9300003052
1551570063.77,0.27,0,l,30.1800003052
1551570063.77,0.27,0,r,21.2199993134
1551570063.87,0.27,0,l,22.3899993896
1551570063.92,0.27,0,r,17.6499996185
1551570064.06,0.27,0,r,12.6700000763
1551570064.07,0.27,0,l,17.7099990845
1551570064.22,0.27,0,r,8.60000038147
1551570064.22,0.27,0,l,13.5
1551570064.3,0.27,0,l,10.25
1551570064.3,0.27,0,r,MIN
1551570064.43,0.27,0,r,MIN
1551570064.43,0.27,0,l,8.64000034332
1551570070.72,-0.27,0,l,MIN
1551570070.72,-0.27,0,r,MIN
1551570070.9,-0.27,0,l,34.5999984741
1551570070.9,-0.27,0,r,21.8299999237
1551570071.07,-0.27,0,l,28.9300003052
1551570071.07,-0.27,0,r,25.2099990845
1551570071.17,-0.27,0,l,31.9300003052
1551570071.17,-0.27,0,r,27.9500007629
1551570071.32,-0.27,0,r,29.2700004578
1551570071.32,-0.27,0,l,34.3400001526
1551570071.4,-0.27,0,l,34.6500015259
1551570071.4,-0.27,0,r,30.0400009155
1551570075.94,-0.27,0,r,46.3899993896
1551570075.94,-0.27,0,l,51.9900016785
1551570076.07,-0.27,0,r,48.1100006104
1551570076.07,-0.27,0,l,53.1800003052
1551570076.17,-0.27,0,l,57.0400009155
1551570076.17,-0.27,0,r,50.9500007629
1551570076.3,-0.27,0,l,59.5
1551570076.3,-0.27,0,r,54.1100006104
1551570076.4,-0.27,0,r,57.0400009155
1551570076.4,-0.27,0,l,61.9000015259
1551570076.54,-0.27,0,r,60.2700004578
1551570076.54,-0.27,0,l,64.7200012207
1551570076.64,-0.27,0,r,63.5499992371
1551570076.64,-0.27,0,l,67.75
1551570076.77,-0.27,0,r,66.6200027466
1551570076.77,-0.27,0,l,70.9400024414
1551570076.87,-0.27,0,l,75.4800033569
1551570076.87,-0.27,0,r,70.6699981689
1551570077.0,-0.27,0,l,78.9800033569
1551570077.0,-0.27,0,r,74.8199996948
1551570077.1,-0.27,0,r,76.7600021362
1551570077.1,-0.27,0,l,82.3300018311
1551570077.2,-0.27,0,r,80.9899978638
1551570077.2,-0.27,0,l,86.1399993896
1551570077.34,-0.27,0,l,89.3499984741
1551570077.34,-0.27,0,r,84.25
1551570077.43,-0.27,0,l,91.9899978638
1551570077.44,-0.27,0,r,87.1299972534
1551570077.57,-0.27,0,r,90.8099975586
1551570077.57,-0.27,0,l,96.0999984741
1551570077.67,-0.27,0,l,98.0400009155
1551570077.67,-0.27,0,r,93.9100036621
1551570077.8,-0.27,0,l,102.239997864
1551570077.8,-0.27,0,r,97.7300033569
1551570077.9,-0.27,0,r,101.779998779
1551570077.9,-0.27,0,l,105.430000305
1551570078.03,-0.27,0,r,104.739997864
1551570078.04,-0.27,0,l,108.430000305
1551570078.13,-0.27,0,l,112.680000305
1551570078.13,-0.27,0,r,108.849998474
1551570078.27,-0.27,0,l,115.769996643
1551570078.27,-0.27,0,r,112.180000305
1551570078.37,-0.27,0,r,116.160003662
1551570078.37,-0.27,0,l,58.0900001526
1551570078.5,-0.27,0,r,119.199996948
1551570078.5,-0.27,0,l,121.040000916
1551570078.6,-0.27,0,r,122.370002747
1551570078.6,-0.27,0,l,116.989997864
1551570078.73,-0.27,0,l,121.650001526
1551570078.73,-0.27,0,r,125.599998474
1551570078.83,-0.27,0,r,129.949996948
1551570078.83,-0.27,0,l,133.710006714
1551570087.91,0.28,0,r,131.460006714
1551570087.91,0.28,0,l,MAX
1551570088.01,0.28,0,l,133.13999939
1551570088.01,0.28,0,r,127.379997253
1551570088.14,0.28,0,r,124.050003052
1551570088.14,0.28,0,l,127.989997864
1551570088.25,0.28,0,l,124.800003052
1551570088.25,0.28,0,r,120.050003052
1551570088.35,0.28,0,r,115.870002747
1551570088.35,0.28,0,l,120.599998474
1551570088.45,0.28,0,r,69.2699966431
1551570088.45,0.28,0,l,34.9500007629
1551570088.58,0.28,0,l,113.830001831
1551570088.58,0.28,0,r,109.0
1551570088.68,0.28,0,l,109.339996338
1551570088.68,0.28,0,r,103.669998169
1551570088.81,0.28,0,l,103.019996643
1551570088.81,0.28,0,r,99.2600021362
1551570088.91,0.28,0,l,99.8899993896
1551570088.91,0.28,0,r,94.8600006104
1551570089.01,0.28,0,r,90.5899963379
1551570089.01,0.28,0,l,95.7799987793
1551570089.15,0.28,0,r,85.7300033569
1551570089.15,0.28,0,l,93.0199966431
1551570089.25,0.28,0,r,81.8399963379
1551570089.25,0.28,0,l,87.4100036621
1551570089.38,0.28,0,l,81.2900009155
1551570089.38,0.28,0,r,75.7900009155
1551570089.51,0.28,0,l,76.5999984741
1551570089.51,0.28,0,r,70.1399993896
1551570089.61,0.28,0,l,70.6900024414
1551570089.61,0.28,0,r,65.0199966431
1551570089.74,0.28,0,l,66.6900024414
1551570089.75,0.28,0,r,60.0400009155
1551570089.88,0.28,0,l,62.3600006104
1551570089.88,0.28,0,r,54.9300003052
1551570089.98,0.28,0,l,56.3199996948
1551570089.98,0.28,0,r,49.7099990845
1551570090.11,0.28,0,l,51.0200004578
1551570090.11,0.28,0,r,45.6300010681
1551570090.21,0.28,0,r,39.0
1551570090.21,0.28,0,l,45.3199996948
1551570090.34,0.28,0,l,41.1699981689
1551570090.34,0.28,0,r,34.4399986267
1551570090.44,0.28,0,r,29.4300003052
1551570090.44,0.28,0,l,107.849998474
1551570090.58,0.28,0,l,100.760002136
1551570090.58,0.28,0,r,24.8500003815
1551570090.68,0.28,0,r,19.9899997711
1551570090.68,0.28,0,l,25.6900005341
1551570090.81,0.28,0,r,15.3199996948
1551570090.81,0.28,0,l,21.4200000763
1551570090.91,0.28,0,l,104.819999695
1551570090.91,0.28,0,r,10.0600004196
1551570091.04,0.28,0,r,MIN
1551570091.04,0.28,0,l,11.4399995804
1551570091.14,0.28,0,l,MIN
1551570091.2,0.28,0,r,MIN
1551570091.3,0.28,0,r,MAX
1551570091.36,0.28,0,l,MIN
1551570100.95,-0.28,0,r,19.4799995422
1551570100.95,-0.28,0,l,24.2900009155
1551570101.12,-0.28,0,r,21.4200000763
1551570101.12,-0.28,0,l,26.1499996185
1551570105.95,-0.28,0,r,42.1399993896
1551570105.95,-0.28,0,l,MAX
1551570106.08,-0.28,0,l,48.6199989319
1551570106.08,-0.28,0,r,44.5699996948
1551570106.18,-0.28,0,r,47.9199981689
1551570106.18,-0.28,0,l,52.3100013733
1551570106.32,-0.28,0,r,50.75
1551570106.32,-0.28,0,l,57.1899986267
1551570106.45,-0.28,0,r,54.3199996948
1551570106.45,-0.28,0,l,59.8699989319
1551570106.55,-0.28,0,l,64.3099975586
1551570106.55,-0.28,0,r,57.4399986267
1551570106.65,-0.28,0,r,61.1699981689
1551570106.65,-0.28,0,l,67.7099990845
1551570106.78,-0.28,0,l,70.2600021362
1551570106.78,-0.28,0,r,64.1200027466
1551570106.88,-0.28,0,r,68.3600006104
1551570106.88,-0.28,0,l,73.6800003052
1551570107.02,-0.28,0,r,71.8899993896
1551570107.02,-0.28,0,l,77.25
1551570107.12,-0.28,0,l,81.3099975586
1551570107.12,-0.28,0,r,75.9199981689
1551570107.25,-0.28,0,r,80.3099975586
1551570107.25,-0.28,0,l,86.3300018311
1551570107.35,-0.28,0,r,84.6100006104
1551570107.35,-0.28,0,l,89.9300003052
1551570107.48,-0.28,0,r,87.5199966431
1551570107.48,-0.28,0,l,92.8000030518
1551570107.58,-0.28,0,r,91.7300033569
1551570107.58,-0.28,0,l,96.1500015259
1551570107.71,-0.28,0,r,95.4199981689
1551570107.72,-0.28,0,l,99.8199996948
1551570107.82,-0.28,0,l,103.629997253
1551570107.82,-0.28,0,r,99.4199981689
1551570107.95,-0.28,0,l,107.900001526
1551570107.95,-0.28,0,r,103.669998169
1551570108.08,-0.28,0,l,112.930000305
1551570108.08,-0.28,0,r,107.870002747
1551570108.18,-0.28,0,r,112.220001221
1551570108.18,-0.28,0,l,117.080001831
1551570108.31,-0.28,0,l,57.0
1551570108.31,-0.28,0,r,115.769996643
1551570108.41,-0.28,0,l,123.959999084
1551570108.41,-0.28,0,r,120.669998169
